Data,NAV
04/12/2024,106.3931 
03/12/2024,106.1771 
02/12/2024,106.3124 
29/11/2024,106.2109 
28/11/2024,105.8359 
27/11/2024,105.6960 
26/11/2024,105.4740 
25/11/2024,105.5629 
22/11/2024,104.9267 
21/11/2024,104.7908 
20/11/2024,104.7928 
19/11/2024,104.9332 
18/11/2024,104.7932 
15/11/2024,104.7556 
14/11/2024,104.7478 
13/11/2024,104.7014 
12/11/2024,104.8422 
11/11/2024,105.2927 
08/11/2024,105.1639 
07/11/2024,104.9129 
06/11/2024,104.5549 
05/11/2024,104.9679 
04/11/2024,104.9568 
01/11/2024,104.6450 
31/10/2024,104.9322 
30/10/2024,104.9647 
29/10/2024,105.0863 
28/10/2024,105.1345 
25/10/2024,105.2347 
24/10/2024,105.3803 
23/10/2024,105.1232 
22/10/2024,105.2655 
21/10/2024,105.4027 
18/10/2024,105.9646 
17/10/2024,105.8684 
16/10/2024,106.1783 
15/10/2024,106.1286 
14/10/2024,105.6314 
11/10/2024,105.6007 
10/10/2024,105.6030 
09/10/2024,105.6421 
08/10/2024,105.7996 
07/10/2024,105.7495 
04/10/2024,106.0381 
03/10/2024,106.6141 
02/10/2024,106.8938 
01/10/2024,107.1393 
30/09/2024,106.8027 
27/09/2024,106.9074 
26/09/2024,106.6886 
25/09/2024,106.8729 
24/09/2024,106.9786 
23/09/2024,106.8046 
20/09/2024,106.7538 
19/09/2024,106.8616 
18/09/2024,106.8817 
17/09/2024,107.1860 
16/09/2024,107.2908 
13/09/2024,107.0493 
12/09/2024,106.8915 
11/09/2024,107.0548 
10/09/2024,106.9398 
09/09/2024,106.7229 
06/09/2024,106.6536 
05/09/2024,106.4541 
04/09/2024,106.3078 
03/09/2024,105.8914 
02/09/2024,105.5400 
30/08/2024,105.6307 
29/08/2024,105.7484 
28/08/2024,105.8750 
27/08/2024,105.8800 
26/08/2024,105.9924 
23/08/2024,106.0494 
22/08/2024,105.7708 
21/08/2024,106.0625 
20/08/2024,105.9114 
19/08/2024,105.6681 
16/08/2024,105.7764 
15/08/2024,105.5081 
14/08/2024,105.8938 
13/08/2024,105.7357 
12/08/2024,105.3907 
09/08/2024,105.2854 
08/08/2024,105.0233 
07/08/2024,105.0959 
06/08/2024,105.3820 
05/08/2024,105.8388 
02/08/2024,105.7589 
01/08/2024,105.0101 
31/07/2024,104.6455 
30/07/2024,104.2678 
29/07/2024,104.1408 
26/07/2024,103.9173 
25/07/2024,103.6864 
24/07/2024,103.5201 
23/07/2024,103.6618 
22/07/2024,103.6219 
19/07/2024,103.6750 
18/07/2024,103.9181 
17/07/2024,104.0128 
16/07/2024,103.9864 
15/07/2024,103.6821 
12/07/2024,103.7491 
11/07/2024,103.6448 
10/07/2024,103.2272 
09/07/2024,103.0792 
08/07/2024,103.2301 
05/07/2024,103.1144 
04/07/2024,102.7016 
03/07/2024,102.7581 
02/07/2024,102.3760 
01/07/2024,102.2294 
28/06/2024,102.6571 
27/06/2024,102.9231 
26/06/2024,102.8821 
25/06/2024,103.2826 
24/06/2024,103.2490 
21/06/2024,103.2098 
20/06/2024,103.1944 
19/06/2024,103.3449 
18/06/2024,103.3684 
17/06/2024,103.1093 
14/06/2024,103.4009 
13/06/2024,103.0956 
12/06/2024,102.8105 
11/06/2024,102.3536 
10/06/2024,102.1003 
07/06/2024,102.3812 
06/06/2024,102.9461 
05/06/2024,103.0026 
04/06/2024,102.7564 
03/06/2024,102.4216 
31/05/2024,101.9711 
30/05/2024,101.7201 
29/05/2024,101.4804 
28/05/2024,101.9012 
27/05/2024,102.1756 
24/05/2024,102.0915 
23/05/2024,102.0330 
22/05/2024,102.3414 
21/05/2024,102.4779 
20/05/2024,102.3280 
17/05/2024,102.4421 
16/05/2024,102.7162 
15/05/2024,102.7834 
14/05/2024,102.1924 
13/05/2024,102.1360 
10/05/2024,102.0661 
09/05/2024,102.2448 
08/05/2024,102.2288 
07/05/2024,102.4037 
06/05/2024,102.1321 
03/05/2024,101.9937 
02/05/2024,101.6031 
01/05/2024,101.3236 
30/04/2024,101.1601 
29/04/2024,101.4767 
26/04/2024,101.1706 
25/04/2024,100.9515 
24/04/2024,101.2028 
23/04/2024,101.5172 
22/04/2024,101.4572 
19/04/2024,101.3863 
18/04/2024,101.3267 
17/04/2024,101.4737 
16/04/2024,101.1806 
15/04/2024,101.5037 
12/04/2024,102.0056 
11/04/2024,101.6347 
10/04/2024,101.9002 
09/04/2024,102.6425 
08/04/2024,102.3060 
05/04/2024,102.4119 
04/04/2024,102.7760 
03/04/2024,102.5208 
02/04/2024,102.4914 
01/04/2024,102.7932 
28/03/2024,103.1941 
27/03/2024,103.2201 
26/03/2024,102.9585 
25/03/2024,102.8839 
22/03/2024,103.0570 
21/03/2024,102.7458 
20/03/2024,102.6627 
19/03/2024,102.5403 
18/03/2024,102.3657 
15/03/2024,102.3944 
14/03/2024,102.4969 
13/03/2024,102.9787 
12/03/2024,103.1029 
11/03/2024,103.2778 
08/03/2024,103.3873 
07/03/2024,103.2382 
06/03/2024,103.1090 
05/03/2024,102.9980 
04/03/2024,102.5441 
01/03/2024,102.6060 
29/02/2024,102.3765 
28/02/2024,102.2105 
27/02/2024,102.1030 
26/02/2024,102.2602 
23/02/2024,102.4014 
22/02/2024,102.0931 
21/02/2024,102.0377 
20/02/2024,102.2843 
19/02/2024,102.0963 
16/02/2024,102.0857 
15/02/2024,102.3452 
14/02/2024,102.1574 
13/02/2024,101.8759 
12/02/2024,102.4273 
09/02/2024,102.3469 
08/02/2024,102.4578 
07/02/2024,102.7228 
06/02/2024,102.8083 
05/02/2024,102.4849 
02/02/2024,103.1290 
01/02/2024,103.8517 
31/01/2024,103.4748 
30/01/2024,102.9768 
29/01/2024,102.9547 
26/01/2024,102.5786 
25/01/2024,102.6457 
24/01/2024,102.3418 
23/01/2024,102.5028 
22/01/2024,102.7157 
19/01/2024,102.4839 
18/01/2024,102.4760 
17/01/2024,102.6339 
16/01/2024,103.0033 
15/01/2024,103.4406 
12/01/2024,103.4631 
11/01/2024,103.2145 
10/01/2024,102.9694 
09/01/2024,103.0449 
08/01/2024,103.1337 
05/01/2024,102.9230 
04/01/2024,103.1065 
03/01/2024,103.5516 
02/01/2024,103.5438 
29/12/2023,103.8882 
28/12/2023,104.1113 
27/12/2023,104.3219 
26/12/2023,103.8497 
22/12/2023,103.8157 
21/12/2023,103.8701 
20/12/2023,103.9033 
19/12/2023,103.5268 
18/12/2023,103.2974 
15/12/2023,103.4710 
14/12/2023,103.3192 
13/12/2023,102.6707 
12/12/2023,101.7757 
11/12/2023,101.5542 
08/12/2023,101.6036 
07/12/2023,102.0071 
06/12/2023,102.0970 
05/12/2023,101.7678 
04/12/2023,101.1974 
01/12/2023,101.2599 
30/11/2023,100.6423 
29/11/2023,100.9003 
28/11/2023,100.3822 
27/11/2023,100.0962 
24/11/2023,99.6445 
23/11/2023,99.8838 
22/11/2023,100.0044 
21/11/2023,100.0294 
20/11/2023,99.8445 
17/11/2023,99.7695 
16/11/2023,99.6848 
15/11/2023,99.2778 
14/11/2023,99.5260 
13/11/2023,98.6589 
10/11/2023,98.6762 
09/11/2023,98.7150 
08/11/2023,99.1266 
07/11/2023,98.8229 
06/11/2023,98.4379 
03/11/2023,98.7531 
02/11/2023,98.2431 
01/11/2023,97.7490 
31/10/2023,97.1967 
30/10/2023,97.2332 
27/10/2023,97.3008 
26/10/2023,97.2082 
25/10/2023,96.8653 
24/10/2023,97.2999 
23/10/2023,97.0463 
20/10/2023,96.8236 
19/10/2023,96.5905 
18/10/2023,96.8559 
17/10/2023,97.2185 
16/10/2023,97.7466 
13/10/2023,98.0606 
12/10/2023,97.8041 
11/10/2023,98.3144 
10/10/2023,97.9125 
09/10/2023,97.4016 
06/10/2023,97.1875 
05/10/2023,97.4087 
04/10/2023,97.2906 
03/10/2023,97.0628 
02/10/2023,97.5929 
29/09/2023,98.0780 
28/09/2023,97.8281 
27/09/2023,97.9847 
26/09/2023,98.2428 
25/09/2023,98.3533 
22/09/2023,98.8071 
21/09/2023,98.6414 
20/09/2023,99.0696 
19/09/2023,99.0183 
18/09/2023,99.1948 
15/09/2023,99.2426 
14/09/2023,99.5262 
13/09/2023,99.4488 
12/09/2023,99.3990 
11/09/2023,99.3600 
08/09/2023,99.5727 
07/09/2023,99.4580 
06/09/2023,99.2791 
05/09/2023,99.4462 
04/09/2023,99.8081 
01/09/2023,99.9108 
31/08/2023,100.2432 
30/08/2023,100.0059 
29/08/2023,100.0351 
28/08/2023,99.5985 
25/08/2023,99.4995 
24/08/2023,99.5964 
23/08/2023,99.6886 
22/08/2023,98.9320 
21/08/2023,98.8019 
18/08/2023,99.2035 
17/08/2023,98.9717 
16/08/2023,99.1866 
15/08/2023,99.3000 
14/08/2023,99.5140 
11/08/2023,99.6745 
10/08/2023,100.0385 
09/08/2023,100.4100 
08/08/2023,100.3749 
07/08/2023,99.9452 
04/08/2023,100.0328 
03/08/2023,99.5861 
02/08/2023,100.0709 
01/08/2023,100.2277 
31/07/2023,100.6596 
28/07/2023,100.6096 
27/07/2023,100.5033 
26/07/2023,100.8882 
25/07/2023,100.8111 
24/07/2023,100.9209 
21/07/2023,100.9018 
20/07/2023,100.8180 
19/07/2023,101.2442 
18/07/2023,101.0754 
17/07/2023,100.7921 
14/07/2023,100.7139 
13/07/2023,100.9352 
12/07/2023,100.4341 
11/07/2023,99.8325 
10/07/2023,99.7479 
07/07/2023,99.6257 
06/07/2023,99.7070 
05/07/2023,100.3734 
04/07/2023,100.5942 
03/07/2023,100.6285 
30/06/2023,100.7753 
29/06/2023,100.6383 
28/06/2023,101.1732 
27/06/2023,100.9662 
26/06/2023,101.1778 
23/06/2023,100.9833 
22/06/2023,100.5836 
21/06/2023,100.9350 
20/06/2023,100.9510 
19/06/2023,100.6256 
16/06/2023,100.7378 
15/06/2023,100.7293 
14/06/2023,100.5380 
13/06/2023,100.5254 
12/06/2023,100.8529 
09/06/2023,100.7547 
08/06/2023,100.7435 
07/06/2023,100.5265 
06/06/2023,100.8951 
05/06/2023,100.8400 
02/06/2023,100.9899 
01/06/2023,101.3094 
31/05/2023,101.1497 
30/05/2023,100.7921 
29/05/2023,100.2108 
26/05/2023,100.0054 
25/05/2023,100.0693 
24/05/2023,100.4392 
23/05/2023,100.5698 
22/05/2023,100.6281 
19/05/2023,100.6877 
18/05/2023,100.8024 
17/05/2023,101.3202 
16/05/2023,101.3989 
15/05/2023,101.6144 
12/05/2023,101.8471 
11/05/2023,102.1667 
10/05/2023,101.8474 
09/05/2023,101.4316 
08/05/2023,101.5519 
05/05/2023,101.8715 
04/05/2023,102.2067 
03/05/2023,102.1982 
02/05/2023,101.9593 
01/05/2023,101.3947 
28/04/2023,101.8982 
27/04/2023,101.3140 
26/04/2023,101.7079 
25/04/2023,101.8811 
24/04/2023,101.2958 
21/04/2023,101.0867 
20/04/2023,101.1994 
19/04/2023,100.9076 
18/04/2023,101.0851 
17/04/2023,100.9859 
14/04/2023,101.3591 
13/04/2023,101.7134 
12/04/2023,101.8076 
11/04/2023,101.8333 
10/04/2023,102.0432 
06/04/2023,102.3891 
05/04/2023,102.3759 
04/04/2023,102.1073 
03/04/2023,101.9259 
31/03/2023,101.5810 
30/03/2023,101.2582 
29/03/2023,101.3021 
28/03/2023,101.2605 
27/03/2023,101.4947 
24/03/2023,102.1431 
23/03/2023,101.9521 
22/03/2023,101.5642 
21/03/2023,101.2309 
20/03/2023,101.6245 
17/03/2023,101.8245 
16/03/2023,101.1830 
15/03/2023,101.5729 
14/03/2023,100.6551 
13/03/2023,101.2350 
10/03/2023,100.3655 
09/03/2023,99.3652 
08/03/2023,99.2145 
07/03/2023,99.1481 
06/03/2023,99.1711 
03/03/2023,99.1999 
02/03/2023,98.7676 
01/03/2023,99.0170 
28/02/2023,99.4216 
27/02/2023,99.4489 
24/02/2023,99.4312 
23/02/2023,99.8332 
22/02/2023,99.5970 
21/02/2023,99.4642 
20/02/2023,100.1439 
17/02/2023,100.1375 
16/02/2023,100.0377 
15/02/2023,100.2974 
14/02/2023,100.5075 
13/02/2023,100.8029 
10/02/2023,100.6801 
09/02/2023,101.1089 
08/02/2023,101.2420 
07/02/2023,101.2260 
06/02/2023,101.5489 
03/02/2023,101.9698 
02/02/2023,102.6235 
01/02/2023,101.9545 
31/01/2023,101.6092 
30/01/2023,101.4089 
27/01/2023,101.6631 
26/01/2023,101.8062 
25/01/2023,102.0268 
24/01/2023,101.9562 
23/01/2023,101.6417 
20/01/2023,101.8096 
19/01/2023,102.2918 
18/01/2023,102.4685 
17/01/2023,101.7344 
16/01/2023,101.6233 
13/01/2023,101.5904 
12/01/2023,101.7469 
11/01/2023,101.2808 
10/01/2023,100.7085 
09/01/2023,101.0353 
06/01/2023,100.8934 
05/01/2023,100.1408 
04/01/2023,100.2818 
03/01/2023,99.7702 
30/12/2022,99.1870 
29/12/2022,99.5201 
28/12/2022,99.3336 
27/12/2022,99.5069 
23/12/2022,100.0178 
22/12/2022,100.2915 
21/12/2022,100.4085 
20/12/2022,100.3263 
19/12/2022,100.9502 
16/12/2022,101.3687 
15/12/2022,101.7382 
14/12/2022,102.0121 
13/12/2022,101.9272 
12/12/2022,101.5416 
09/12/2022,101.5907 
08/12/2022,102.0900 
07/12/2022,102.2826 
06/12/2022,101.8288 
05/12/2022,101.5202 
02/12/2022,101.8657 
01/12/2022,101.7397 
30/11/2022,100.9379 
29/11/2022,100.6914 
28/11/2022,100.7747 
25/11/2022,100.8451 
24/11/2022,101.0413 
23/11/2022,100.8602 
22/11/2022,100.4322 
21/11/2022,100.1814 
18/11/2022,100.0980 
17/11/2022,100.1437 
16/11/2022,100.4001 
15/11/2022,99.8933 
14/11/2022,99.3775 
11/11/2022,99.4674 
10/11/2022,99.6642 
09/11/2022,98.2508 
08/11/2022,97.9349 
07/11/2022,97.5929 
04/11/2022,97.7737 
03/11/2022,97.9053 
02/11/2022,98.3637 
01/11/2022,98.4640 
31/10/2022,98.3127 
28/10/2022,98.6689 
27/10/2022,98.8525 
26/10/2022,98.2793 
25/10/2022,97.8796 
24/10/2022,97.0734 
21/10/2022,96.8664 
20/10/2022,97.0167 
19/10/2022,97.4129 
18/10/2022,97.9673 
17/10/2022,97.7725 
14/10/2022,97.5666 
13/10/2022,97.8358 
12/10/2022,98.0130 
11/10/2022,98.0936 
10/10/2022,98.3916 
07/10/2022,98.6179 
06/10/2022,99.1041 
05/10/2022,99.4691 
04/10/2022,100.0925 
03/10/2022,99.8285 
30/09/2022,99.0054 
29/09/2022,98.9820 
28/09/2022,99.3124 
27/09/2022,98.3473 
26/09/2022,99.0225 
23/09/2022,99.9962 
22/09/2022,100.3415 
21/09/2022,101.1392 
20/09/2022,100.9408 
16/09/2022,101.5243 
15/09/2022,101.6825 
14/09/2022,101.9282 
13/09/2022,101.8946 
12/09/2022,102.2767 
09/09/2022,102.1711 
08/09/2022,102.2112 
07/09/2022,102.5848 
06/09/2022,102.2434 
05/09/2022,102.7937 
02/09/2022,102.8720 
01/09/2022,102.5215 
31/08/2022,103.0631 
30/08/2022,103.3421 
29/08/2022,103.4180 
26/08/2022,103.9020 
25/08/2022,104.0611 
24/08/2022,103.6945 
23/08/2022,103.9846 
22/08/2022,104.1720 
19/08/2022,104.6497 
18/08/2022,105.3391 
17/08/2022,105.3165 
16/08/2022,105.9004 
15/08/2022,106.2841 
12/08/2022,105.7785 
11/08/2022,105.6723 
10/08/2022,106.1609 
09/08/2022,105.9778 
08/08/2022,106.2000 
05/08/2022,105.8598 
04/08/2022,106.7067 
03/08/2022,106.4414 
02/08/2022,106.3895 
01/08/2022,107.0116 
29/07/2022,106.5809 
28/07/2022,106.4430 
27/07/2022,105.7705 
26/07/2022,105.6476 
25/07/2022,105.4945 
22/07/2022,105.5727 
21/07/2022,104.7163 
20/07/2022,104.1660 
19/07/2022,104.1487 
18/07/2022,104.4151 
15/07/2022,104.6610 
14/07/2022,104.3773 
13/07/2022,104.7057 
12/07/2022,104.6190 
11/07/2022,104.2728 
08/07/2022,103.8602 
07/07/2022,104.1483 
06/07/2022,104.5104 
05/07/2022,104.7513 
04/07/2022,104.3094 
01/07/2022,104.5792 
30/06/2022,103.8111 
29/06/2022,103.3624 
28/06/2022,102.8070 
27/06/2022,103.0096 
24/06/2022,103.4487 
23/06/2022,103.5878 
22/06/2022,102.9317 
21/06/2022,102.1385 
20/06/2022,102.4328 
17/06/2022,102.5909 
16/06/2022,102.5021 
15/06/2022,102.4739 
14/06/2022,101.6944 
13/06/2022,102.3228 
10/06/2022,103.6912 
09/06/2022,104.3983 
08/06/2022,104.6978 
07/06/2022,104.9917 
06/06/2022,104.7529 
03/06/2022,105.2229 
02/06/2022,105.4130 
01/06/2022,105.5406 
31/05/2022,105.8465 
30/05/2022,106.4115 
27/05/2022,106.5510 
26/05/2022,106.3839 
25/05/2022,106.4909 
24/05/2022,106.2925 
23/05/2022,105.7801 
20/05/2022,106.1051 
19/05/2022,105.9457 
18/05/2022,105.7391 
17/05/2022,105.4670 
16/05/2022,106.0392 
13/05/2022,105.8993 
12/05/2022,106.2534 
11/05/2022,105.8198 
10/05/2022,105.5436 
09/05/2022,105.2121 
06/05/2022,104.9384 
05/05/2022,105.4800 
04/05/2022,105.9968 
03/05/2022,105.8477 
02/05/2022,105.7796 
29/04/2022,106.1856 
28/04/2022,106.6103 
27/04/2022,106.9036 
26/04/2022,107.2027 
25/04/2022,106.8457 
22/04/2022,106.3682 
21/04/2022,106.6111 
20/04/2022,107.0406 
19/04/2022,106.6267 
18/04/2022,107.1672 
14/04/2022,107.3002 
13/04/2022,107.8659 
12/04/2022,107.7508 
11/04/2022,107.5591 
08/04/2022,108.0920 
07/04/2022,108.4499 
06/04/2022,108.6130 
05/04/2022,108.9559 
04/04/2022,109.7532 
01/04/2022,109.6159 
31/03/2022,109.8568 
30/03/2022,109.5665 
29/03/2022,109.3615 
28/03/2022,109.2465 
25/03/2022,109.2144 
24/03/2022,109.7499 
23/03/2022,110.2065 
22/03/2022,109.6580 
21/03/2022,110.0960 
18/03/2022,110.8196 
17/03/2022,110.5808 
16/03/2022,110.4752 
15/03/2022,110.4572 
14/03/2022,110.4035 
11/03/2022,111.1991 
10/03/2022,111.2815 
09/03/2022,111.8061 
08/03/2022,112.2262 
07/03/2022,112.9060 
04/03/2022,113.3552 
03/03/2022,112.8340 
02/03/2022,112.7933 
01/03/2022,113.7470 
28/02/2022,112.7961 
25/02/2022,112.2469 
24/02/2022,112.2897 
23/02/2022,112.2224 
22/02/2022,112.4824 
21/02/2022,112.6449 
18/02/2022,112.6752 
17/02/2022,112.4886 
16/02/2022,112.2881 
15/02/2022,112.1166 
14/02/2022,112.3280 
11/02/2022,112.6844 
10/02/2022,112.4230 
09/02/2022,113.1268 
08/02/2022,112.9352 
07/02/2022,113.2440 
04/02/2022,113.4121 
03/02/2022,114.0256 
02/02/2022,114.5676 
01/02/2022,114.4365 
31/01/2022,114.5508 
28/01/2022,114.7405 
27/01/2022,114.7611 
26/01/2022,114.6789 
25/01/2022,115.0597 
24/01/2022,115.1838 
21/01/2022,115.2196 
20/01/2022,114.9227 
19/01/2022,114.7886 
18/01/2022,114.7127 
17/01/2022,115.1382 
14/01/2022,115.2439 
13/01/2022,115.6988 
12/01/2022,115.5030 
11/01/2022,115.4078 
10/01/2022,115.3463 
07/01/2022,115.4186 
06/01/2022,115.6399 
05/01/2022,115.9050 
04/01/2022,116.2754 
31/12/2021,116.7251 
30/12/2021,116.6728 
29/12/2021,116.5780 
28/12/2021,116.9120 
24/12/2021,116.8866 
23/12/2021,116.8575 
22/12/2021,117.1259 
21/12/2021,117.1191 
20/12/2021,117.4848 
17/12/2021,117.5948 
16/12/2021,117.4517 
15/12/2021,117.4109 
14/12/2021,117.5553 
13/12/2021,117.6923 
10/12/2021,117.3857 
09/12/2021,117.3509 
08/12/2021,117.2239 
07/12/2021,117.5678 
06/12/2021,117.7133 
03/12/2021,117.8328 
02/12/2021,117.5665 
01/12/2021,117.5424 
30/11/2021,117.5000 
29/11/2021,117.1750 
26/11/2021,117.3190 
25/11/2021,116.5653 
24/11/2021,116.4761 
23/11/2021,116.4186 
22/11/2021,116.8635 
19/11/2021,117.2759 
18/11/2021,116.9979 
17/11/2021,116.8323 
16/11/2021,116.7441 
15/11/2021,116.8438 
12/11/2021,117.0823 
11/11/2021,117.1544 
10/11/2021,117.2418 
09/11/2021,117.8453 
08/11/2021,117.5306 
05/11/2021,117.8885 
04/11/2021,117.2225 
03/11/2021,116.8415 
02/11/2021,116.9558 
01/11/2021,116.6448 
29/10/2021,116.6917 
28/10/2021,116.9114 
27/10/2021,117.0926 
26/10/2021,116.6327 
25/10/2021,116.5214 
22/10/2021,116.4485 
21/10/2021,116.3050 
20/10/2021,116.5129 
19/10/2021,116.5664 
18/10/2021,116.7955 
15/10/2021,116.9078 
14/10/2021,117.1179 
13/10/2021,116.8512 
12/10/2021,116.5708 
11/10/2021,116.5000 
08/10/2021,116.5888 
07/10/2021,116.8653 
06/10/2021,117.0240 
05/10/2021,117.0513 
04/10/2021,117.3150 
01/10/2021,117.3929 
30/09/2021,117.1389 
29/09/2021,117.2340 
28/09/2021,117.1420 
27/09/2021,117.4817 
24/09/2021,117.6069 
23/09/2021,117.8720 
22/09/2021,118.4300 
21/09/2021,118.3571 
20/09/2021,118.3300 
17/09/2021,118.0783 
16/09/2021,118.2768 
15/09/2021,118.4490 
14/09/2021,118.5695 
13/09/2021,118.3769 
10/09/2021,118.3024 
09/09/2021,118.4851 
08/09/2021,118.2202 
07/09/2021,118.1275 
06/09/2021,118.4283 
03/09/2021,118.4011 
02/09/2021,118.5826 
01/09/2021,118.4761 
31/08/2021,118.4752 
30/08/2021,118.7064 
27/08/2021,118.5636 
26/08/2021,118.4254 
25/08/2021,118.4090 
24/08/2021,118.7318 
23/08/2021,118.8547 
20/08/2021,118.8977 
19/08/2021,118.8830 
18/08/2021,118.7747 
17/08/2021,118.7526 
16/08/2021,118.7824 
13/08/2021,118.6860 
12/08/2021,118.4428 
11/08/2021,118.6413 
10/08/2021,118.6601 
09/08/2021,118.5487 
06/08/2021,118.5984 
05/08/2021,119.2540 
04/08/2021,119.3218 
03/08/2021,119.1349 
02/08/2021,119.0581 
30/07/2021,118.8198 
29/07/2021,118.7109 
28/07/2021,118.7987 
27/07/2021,118.7621 
26/07/2021,118.5845 
23/07/2021,118.6070 
22/07/2021,118.6658 
21/07/2021,118.4333 
20/07/2021,118.7264 
19/07/2021,118.7209 
16/07/2021,118.2730 
15/07/2021,118.2417 
14/07/2021,118.0786 
13/07/2021,117.8388 
12/07/2021,117.9461 
09/07/2021,117.9081 
08/07/2021,118.2489 
07/07/2021,118.1464 
06/07/2021,117.9289 
05/07/2021,117.5545 
02/07/2021,117.5819 
01/07/2021,117.3854 
30/06/2021,117.3838 
29/06/2021,117.2373 
28/06/2021,117.2166 
25/06/2021,116.9756 
24/06/2021,117.2225 
23/06/2021,117.1698 
22/06/2021,117.2114 
21/06/2021,117.2096 
18/06/2021,117.4254 
17/06/2021,117.1646 
16/06/2021,117.0579 
15/06/2021,117.2222 
14/06/2021,117.2809 
11/06/2021,117.4657 
10/06/2021,117.3784 
09/06/2021,117.2706 
08/06/2021,117.0245 
07/06/2021,116.8355 
04/06/2021,116.9112 
03/06/2021,116.6279 
02/06/2021,116.7867 
01/06/2021,116.6940 
31/05/2021,116.7759 
28/05/2021,116.7577 
27/05/2021,116.6769 
26/05/2021,116.8448 
25/05/2021,116.7609 
24/05/2021,116.4911 
21/05/2021,116.3775 
20/05/2021,116.2811 
19/05/2021,116.1075 
18/05/2021,116.2008 
17/05/2021,116.2199 
14/05/2021,116.2764 
13/05/2021,116.1226 
12/05/2021,116.1177 
11/05/2021,116.4170 
10/05/2021,116.6884 
07/05/2021,116.8231 
06/05/2021,116.8678 
05/05/2021,116.8280 
04/05/2021,116.8274 
03/05/2021,116.6830 
30/04/2021,116.5880 
29/04/2021,116.5325 
28/04/2021,116.6995 
27/04/2021,116.7303 
26/04/2021,116.8990 
23/04/2021,116.9438 
22/04/2021,117.0193 
21/04/2021,116.9691 
20/04/2021,116.8870 
19/04/2021,116.7863 
16/04/2021,116.8683 
15/04/2021,117.0629 
14/04/2021,116.7120 
13/04/2021,116.7851 
12/04/2021,116.6783 
09/04/2021,116.7070 
08/04/2021,116.8822 
07/04/2021,116.7079 
06/04/2021,116.7423 
05/04/2021,116.5961 
01/04/2021,116.6739 
31/03/2021,116.3777 
30/03/2021,116.3575 
29/03/2021,116.4707 
26/03/2021,116.6658 
25/03/2021,116.8423 
24/03/2021,116.8691 
23/03/2021,116.7216 
22/03/2021,116.4483 
19/03/2021,116.2121 
18/03/2021,116.1058 
17/03/2021,116.3746 
16/03/2021,116.5890 
15/03/2021,116.5927 
12/03/2021,116.4519 
11/03/2021,116.9545 
10/03/2021,116.8710 
09/03/2021,116.7595 
08/03/2021,116.5311 
05/03/2021,116.7724 
04/03/2021,116.8907 
03/03/2021,117.0923 
02/03/2021,117.4329 
01/03/2021,117.3350 
26/02/2021,117.1369 
25/02/2021,116.6317 
24/02/2021,117.2840 
23/02/2021,117.4915 
22/02/2021,117.6224 
19/02/2021,117.7442 
18/02/2021,118.0425 
17/02/2021,118.1760 
16/02/2021,118.1023 
15/02/2021,118.4536 
12/02/2021,118.6096 
11/02/2021,118.8952 
10/02/2021,118.9008 
09/02/2021,118.8476 
08/02/2021,118.8113 
05/02/2021,118.7856 
04/02/2021,118.9166 
03/02/2021,118.9849 
02/02/2021,119.1168 
01/02/2021,119.2868 
29/01/2021,119.2305 
28/01/2021,119.4092 
27/01/2021,119.4991 
26/01/2021,119.4691 
25/01/2021,119.5112 
22/01/2021,119.2440 
21/01/2021,119.2106 
20/01/2021,119.4303 
19/01/2021,119.4411 
18/01/2021,119.3593 
15/01/2021,119.4101 
14/01/2021,119.3528 
13/01/2021,119.4210 
12/01/2021,119.0582 
11/01/2021,119.2206 
08/01/2021,119.3755 
07/01/2021,119.4296 
06/01/2021,119.5823 
05/01/2021,119.9552 
04/01/2021,120.1076 
31/12/2020,120.0665 
30/12/2020,120.0050 
29/12/2020,120.0104 
28/12/2020,119.9333 
24/12/2020,119.8885 
23/12/2020,119.8116 
22/12/2020,120.0315 
21/12/2020,119.9357 
18/12/2020,119.8779 
17/12/2020,119.8973 
16/12/2020,119.8855 
15/12/2020,119.9959 
14/12/2020,120.0368 
11/12/2020,120.1078 
10/12/2020,119.9510 
09/12/2020,119.8010 
08/12/2020,119.9036 
07/12/2020,119.7976 
04/12/2020,119.5491 
03/12/2020,119.7790 
02/12/2020,119.5781 
01/12/2020,119.6454 
30/11/2020,119.9135 
27/11/2020,119.9229 
26/11/2020,119.8084 
25/11/2020,119.7564 
24/11/2020,119.7622 
23/11/2020,119.8508 
20/11/2020,119.9212 
19/11/2020,119.7710 
18/11/2020,119.6603 
17/11/2020,119.5938 
16/11/2020,119.4172 
13/11/2020,119.3881 
12/11/2020,119.3453 
11/11/2020,119.0038 
10/11/2020,118.9679 
09/11/2020,119.1667 
06/11/2020,119.6064 
05/11/2020,119.8336 
04/11/2020,119.7017 
03/11/2020,119.2159 
02/11/2020,119.2796 
30/10/2020,119.1487 
29/10/2020,119.3664 
28/10/2020,119.4819 
27/10/2020,119.5219 
26/10/2020,119.2958 
23/10/2020,119.1505 
22/10/2020,119.0479 
21/10/2020,119.3045 
20/10/2020,119.4210 
19/10/2020,119.5809 
16/10/2020,119.6650 
15/10/2020,119.6304 
14/10/2020,119.5869 
13/10/2020,119.5157 
12/10/2020,119.2896 
09/10/2020,119.2389 
08/10/2020,119.1819 
07/10/2020,119.0253 
06/10/2020,119.1501 
05/10/2020,119.2506 
02/10/2020,119.2978 
01/10/2020,119.3374 
30/09/2020,119.2500 
29/09/2020,119.4287 
28/09/2020,119.3241 
25/09/2020,119.3375 
24/09/2020,119.3346 
23/09/2020,119.3723 
22/09/2020,119.4114 
21/09/2020,119.4500 
18/09/2020,119.3371 
17/09/2020,119.4115 
16/09/2020,119.3284 
15/09/2020,119.3281 
14/09/2020,119.3247 
11/09/2020,119.2374 
10/09/2020,119.0284 
09/09/2020,119.0590 
08/09/2020,119.1692 
07/09/2020,118.9845 
04/09/2020,119.0935 
03/09/2020,119.4068 
02/09/2020,119.3104 
01/09/2020,118.9447 
31/08/2020,118.7087 
28/08/2020,118.6436 
27/08/2020,118.6404 
26/08/2020,118.8825 
25/08/2020,119.0096 
24/08/2020,119.3030 
21/08/2020,119.3208 
20/08/2020,119.2815 
19/08/2020,119.1695 
18/08/2020,119.1896 
17/08/2020,119.0971 
14/08/2020,118.9619 
13/08/2020,119.0506 
12/08/2020,119.2767 
11/08/2020,119.5443 
10/08/2020,119.8395 
07/08/2020,119.8437 
06/08/2020,119.9618 
05/08/2020,119.7788 
04/08/2020,119.9824 
03/08/2020,119.7287 
31/07/2020,119.7731 
30/07/2020,119.7795 
29/07/2020,119.5959 
28/07/2020,119.5830 
27/07/2020,119.4702 
24/07/2020,119.4328 
23/07/2020,119.5384 
22/07/2020,119.4220 
21/07/2020,119.2664 
20/07/2020,119.1444 
17/07/2020,118.9943 
16/07/2020,119.0042 
15/07/2020,118.8370 
14/07/2020,118.8530 
13/07/2020,118.7290 
10/07/2020,118.8422 
09/07/2020,118.8949 
08/07/2020,118.6843 
07/07/2020,118.6698 
06/07/2020,118.4892 
03/07/2020,118.4778 
02/07/2020,118.4538 
01/07/2020,118.2317 
30/06/2020,118.3988 
29/06/2020,118.4462 
26/06/2020,118.4643 
25/06/2020,118.3309 
24/06/2020,118.2740 
23/06/2020,118.1307 
22/06/2020,118.2765 
19/06/2020,118.1963 
18/06/2020,118.1614 
17/06/2020,118.0629 
16/06/2020,117.9878 
15/06/2020,117.9525 
12/06/2020,117.9627 
11/06/2020,118.0424 
10/06/2020,117.7627 
09/06/2020,117.5256 
08/06/2020,117.3611 
05/06/2020,117.1275 
04/06/2020,117.2614 
03/06/2020,117.3365 
02/06/2020,117.5954 
01/06/2020,117.5542 
29/05/2020,117.6644 
28/05/2020,117.5016 
27/05/2020,117.4446 
26/05/2020,117.3164 
25/05/2020,117.4773 
22/05/2020,117.4571 
21/05/2020,117.3959 
20/05/2020,117.1986 
19/05/2020,117.0041 
18/05/2020,116.8155 
15/05/2020,116.9918 
14/05/2020,117.0435 
13/05/2020,116.9733 
12/05/2020,116.8044 
11/05/2020,116.6476 
08/05/2020,116.8848 
07/05/2020,117.0169 
06/05/2020,116.7727 
05/05/2020,117.1225 
04/05/2020,117.1700 
01/05/2020,117.2744 
30/04/2020,117.2360 
29/04/2020,117.1172 
28/04/2020,117.0258 
27/04/2020,116.7578 
24/04/2020,116.9463 
23/04/2020,116.7828 
22/04/2020,116.5084 
21/04/2020,116.6741 
20/04/2020,116.6041 
17/04/2020,116.6956 
16/04/2020,116.7927 
15/04/2020,116.6143 
14/04/2020,116.2004 
13/04/2020,116.0558 
09/04/2020,116.0868 
08/04/2020,115.3546 
07/04/2020,115.5362 
06/04/2020,115.5697 
03/04/2020,115.6620 
02/04/2020,115.6511 
01/04/2020,115.6435 
31/03/2020,115.4954 
30/03/2020,115.5617 
27/03/2020,115.4923 
26/03/2020,114.8185 
25/03/2020,114.0793 
24/03/2020,113.9287 
23/03/2020,114.1566 
20/03/2020,113.7867 
19/03/2020,112.5220 
18/03/2020,113.0463 
17/03/2020,114.3864 
16/03/2020,115.7575 
13/03/2020,115.6293 
12/03/2020,116.4494 
11/03/2020,117.6307 
10/03/2020,117.9758 
09/03/2020,119.1395 
06/03/2020,119.1387 
05/03/2020,118.5455 
04/03/2020,118.2623 
03/03/2020,118.2548 
02/03/2020,117.7719 
28/02/2020,117.8152 
27/02/2020,117.3943 
26/02/2020,117.3113 
25/02/2020,117.4793 
24/02/2020,117.3287 
21/02/2020,117.0305 
20/02/2020,116.8030 
19/02/2020,116.5962 
18/02/2020,116.5737 
17/02/2020,116.4306 
14/02/2020,116.3902 
13/02/2020,116.3052 
12/02/2020,116.2576 
11/02/2020,116.3695 
10/02/2020,116.5017 
07/02/2020,116.3449 
06/02/2020,116.0623 
05/02/2020,116.0354 
04/02/2020,116.2925 
03/02/2020,116.5757 
31/01/2020,116.6426 
30/01/2020,116.3988 
29/01/2020,116.3403 
28/01/2020,116.0892 
27/01/2020,116.2848 
24/01/2020,115.8277 
23/01/2020,115.6496 
22/01/2020,115.3901 
21/01/2020,115.3047 
20/01/2020,115.0285 
17/01/2020,115.0122 
16/01/2020,115.0529 
15/01/2020,115.0989 
14/01/2020,114.9191 
13/01/2020,114.8280 
10/01/2020,114.9219 
09/01/2020,114.7628 
08/01/2020,114.8333 
07/01/2020,114.9865 
06/01/2020,115.1130 
03/01/2020,115.1571 
02/01/2020,114.7581 
31/12/2019,114.5163 
30/12/2019,114.6131 
27/12/2019,114.7953 
26/12/2019,114.6993 
24/12/2019,114.6753 
23/12/2019,114.5951 
20/12/2019,114.6106 
19/12/2019,114.7875 
18/12/2019,114.6584 
17/12/2019,114.8681 
16/12/2019,114.7917 
13/12/2019,114.9462 
12/12/2019,114.6059 
11/12/2019,114.9865 
10/12/2019,114.8049 
09/12/2019,114.8167 
06/12/2019,114.7298 
05/12/2019,114.8367 
04/12/2019,115.0145 
03/12/2019,115.2215 
02/12/2019,114.7774 
29/11/2019,115.1366 
28/11/2019,115.1407 
27/11/2019,115.1859 
26/11/2019,115.2741 
25/11/2019,115.0902 
22/11/2019,115.0406 
21/11/2019,114.9929 
20/11/2019,115.1575 
19/11/2019,114.9670 
18/11/2019,114.8820 
15/11/2019,114.7865 
14/11/2019,114.8307 
13/11/2019,114.5841 
12/11/2019,114.3399 
11/11/2019,114.3209 
08/11/2019,114.3615 
07/11/2019,114.4616 
06/11/2019,114.9364 
05/11/2019,114.8622 
04/11/2019,115.1772 
01/11/2019,115.4433 
31/10/2019,115.5237 
30/10/2019,115.1199 
29/10/2019,115.0692 
28/10/2019,114.8671 
25/10/2019,115.1304 
24/10/2019,115.2931 
23/10/2019,115.2504 
22/10/2019,115.1560 
21/10/2019,114.9771 
18/10/2019,115.2299 
17/10/2019,115.2513 
16/10/2019,115.2828 
15/10/2019,115.2664 
14/10/2019,115.5055 
11/10/2019,115.3337 
10/10/2019,115.7357 
09/10/2019,116.1924 
08/10/2019,116.4080 
07/10/2019,116.3389 
04/10/2019,116.4996 
03/10/2019,116.3541 
02/10/2019,116.0631 
01/10/2019,116.0160 
30/09/2019,115.9982 
27/09/2019,115.9787 
26/09/2019,115.9371 
25/09/2019,115.8714 
24/09/2019,116.1783 
23/09/2019,115.9283 
20/09/2019,115.6564 
19/09/2019,115.4428 
18/09/2019,115.3839 
17/09/2019,115.1810 
16/09/2019,115.1139 
13/09/2019,114.8292 
12/09/2019,115.4747 
11/09/2019,115.5580 
10/09/2019,115.5922 
09/09/2019,116.0591 
06/09/2019,116.4865 
05/09/2019,116.3552 
04/09/2019,116.9956 
03/09/2019,117.2511 
02/09/2019,116.9012 
30/08/2019,116.8837 
29/08/2019,116.8952 
28/08/2019,117.0001 
27/08/2019,116.8138 
26/08/2019,116.4755 
23/08/2019,116.4357 
22/08/2019,116.1793 
21/08/2019,116.3905 
20/08/2019,116.5023 
19/08/2019,116.2483 
16/08/2019,116.5904 
15/08/2019,116.7745 
14/08/2019,116.2806 
13/08/2019,115.8598 
12/08/2019,115.8590 
09/08/2019,115.5386 
08/08/2019,115.6215 
07/08/2019,115.7727 
06/08/2019,115.5337 
05/08/2019,115.4393 
02/08/2019,115.0374 
01/08/2019,114.8173 
31/07/2019,114.4056 
30/07/2019,114.2097 
29/07/2019,114.2039 
26/07/2019,114.1425 
25/07/2019,114.1175 
24/07/2019,114.2221 
23/07/2019,114.0462 
22/07/2019,114.0456 
19/07/2019,113.9727 
18/07/2019,113.9980 
17/07/2019,113.8658 
16/07/2019,113.5855 
15/07/2019,113.6181 
12/07/2019,113.3924 
11/07/2019,113.4784 
10/07/2019,113.7673 
09/07/2019,113.8612 
08/07/2019,113.9633 
05/07/2019,113.9842 
04/07/2019,114.3639 
03/07/2019,114.3170 
02/07/2019,114.0157 
01/07/2019,113.8337 
28/06/2019,113.7036 
27/06/2019,113.6367 
26/06/2019,113.5494 
25/06/2019,113.7657 
24/06/2019,113.6643 
21/06/2019,113.4651 
20/06/2019,113.7122 
19/06/2019,113.4433 
18/06/2019,113.3661 
17/06/2019,112.9976 
14/06/2019,113.0164 
13/06/2019,112.9263 
12/06/2019,112.8319 
11/06/2019,112.7855 
10/06/2019,112.7508 
07/06/2019,112.9510 
06/06/2019,112.6841 
05/06/2019,112.6371 
04/06/2019,112.5512 
03/06/2019,112.6201 
31/05/2019,112.4014 
30/05/2019,112.0670 
29/05/2019,111.9718 
28/05/2019,111.8803 
27/05/2019,111.7643 
24/05/2019,111.7089 
23/05/2019,111.6580 
22/05/2019,111.4078 
21/05/2019,111.2610 
20/05/2019,111.3447 
17/05/2019,111.6511 
16/05/2019,111.6242 
15/05/2019,111.4588 
14/05/2019,111.2934 
13/05/2019,111.5002 
10/05/2019,111.3157 
09/05/2019,111.1918 
08/05/2019,111.1742 
07/05/2019,111.2468 
06/05/2019,111.2485 
03/05/2019,111.1503 
02/05/2019,111.1158 
01/05/2019,111.1018 
30/04/2019,111.2379 
29/04/2019,111.1727 
26/04/2019,111.2402 
25/04/2019,111.0783 
24/04/2019,111.1514 
23/04/2019,110.8544 
22/04/2019,110.6754 
18/04/2019,110.9422 
17/04/2019,110.7018 
16/04/2019,110.8028 
15/04/2019,110.9032 
12/04/2019,110.9050 
11/04/2019,111.1749 
10/04/2019,111.2814 
09/04/2019,111.1179 
08/04/2019,111.0354 
05/04/2019,111.0416 
04/04/2019,111.0269 
03/04/2019,110.9825 
02/04/2019,111.2083 
01/04/2019,111.0890 
29/03/2019,111.4305 
28/03/2019,111.5135 
27/03/2019,111.3608 
26/03/2019,111.2904 
25/03/2019,111.1480 
22/03/2019,111.2364 
21/03/2019,110.7805 
20/03/2019,110.6110 
19/03/2019,110.3751 
18/03/2019,110.4063 
15/03/2019,110.3438 
14/03/2019,110.2201 
13/03/2019,110.2849 
12/03/2019,110.3138 
11/03/2019,110.1973 
08/03/2019,110.2067 
07/03/2019,109.9650 
06/03/2019,109.8727 
05/03/2019,109.6740 
04/03/2019,109.6358 
01/03/2019,109.4806 
28/02/2019,109.6292 
27/02/2019,109.5528 
26/02/2019,109.9642 
25/02/2019,109.9022 
22/02/2019,109.9156 
21/02/2019,109.7659 
20/02/2019,109.9404 
19/02/2019,109.9561 
18/02/2019,109.6870 
15/02/2019,109.8526 
14/02/2019,109.8438 
13/02/2019,109.7011 
12/02/2019,109.7546 
11/02/2019,109.8364 
08/02/2019,109.9000 
07/02/2019,109.7952 
06/02/2019,109.6921 
05/02/2019,109.6461 
04/02/2019,109.5163 
01/02/2019,109.6078 
31/01/2019,109.7756 
30/01/2019,109.3181 
29/01/2019,109.2160 
28/01/2019,109.1010 
25/01/2019,109.2573 
24/01/2019,109.3130 
23/01/2019,109.0831 
22/01/2019,109.0419 
21/01/2019,108.7207 
18/01/2019,108.8463 
17/01/2019,108.7475 
16/01/2019,108.9910 
15/01/2019,108.9820 
14/01/2019,108.7931 
11/01/2019,108.9207 
10/01/2019,108.8165 
09/01/2019,108.6634 
08/01/2019,108.5948 
07/01/2019,108.7274 
04/01/2019,108.8303 
03/01/2019,109.1463 
02/01/2019,109.0985 
31/12/2018,108.7234 
28/12/2018,108.8105 
27/12/2018,108.4735 
26/12/2018,108.4550 
24/12/2018,108.6191 
21/12/2018,108.4589 
20/12/2018,108.5521 
19/12/2018,108.5921 
18/12/2018,108.4299 
17/12/2018,108.2807 
14/12/2018,108.1720 
13/12/2018,108.0541 
12/12/2018,108.2249 
11/12/2018,108.3183 
10/12/2018,108.2326 
07/12/2018,108.0903 
06/12/2018,108.0342 
05/12/2018,107.9151 
04/12/2018,108.1118 
03/12/2018,107.8796 
30/11/2018,107.6925 
29/11/2018,107.4910 
28/11/2018,107.5187 
27/11/2018,107.5656 
26/11/2018,107.5467 
23/11/2018,107.5632 
22/11/2018,107.2843 
21/11/2018,107.2744 
20/11/2018,107.4218 
19/11/2018,107.4870 
16/11/2018,107.4711 
15/11/2018,107.2446 
14/11/2018,107.3825 
13/11/2018,107.3699 
12/11/2018,107.2776 
09/11/2018,107.2933 
08/11/2018,107.1156 
07/11/2018,107.2319 
06/11/2018,107.0437 
05/11/2018,107.2590 
02/11/2018,107.2105 
01/11/2018,107.4381 
31/10/2018,107.4435 
30/10/2018,107.3936 
29/10/2018,107.7283 
26/10/2018,107.7310 
25/10/2018,107.3440 
24/10/2018,107.3723 
23/10/2018,107.3482 
22/10/2018,107.2476 
19/10/2018,107.2248 
18/10/2018,107.2839 
17/10/2018,107.3110 
16/10/2018,107.3608 
15/10/2018,107.1381 
12/10/2018,107.1038 
11/10/2018,107.1317 
10/10/2018,107.1521 
09/10/2018,107.1849 
08/10/2018,106.9404 
05/10/2018,107.1227 
04/10/2018,107.3181 
03/10/2018,107.6255 
02/10/2018,107.9215 
01/10/2018,107.7997 
28/09/2018,107.9325 
27/09/2018,107.9601 
26/09/2018,107.9340 
25/09/2018,107.7614 
24/09/2018,107.8489 
21/09/2018,108.0030 
20/09/2018,107.9354 
19/09/2018,107.9009 
18/09/2018,108.0477 
17/09/2018,108.2255 
14/09/2018,108.1877 
13/09/2018,108.3005 
12/09/2018,108.3108 
11/09/2018,108.2517 
10/09/2018,108.4089 
07/09/2018,108.3785 
06/09/2018,108.5826 
05/09/2018,108.4537 
04/09/2018,108.5261 
03/09/2018,108.4221 
31/08/2018,108.5766 
30/08/2018,108.5643 
29/08/2018,108.4953 
28/08/2018,108.5486 
27/08/2018,108.5049 
24/08/2018,108.7889 
23/08/2018,108.8004 
22/08/2018,108.8148 
21/08/2018,108.8293 
20/08/2018,108.7127 
17/08/2018,108.7214 
16/08/2018,108.6934 
15/08/2018,108.7197 
14/08/2018,108.6116 
13/08/2018,108.6574 
10/08/2018,108.7368 
09/08/2018,108.5439 
08/08/2018,108.4285 
07/08/2018,108.4232 
06/08/2018,108.5269 
03/08/2018,108.4095 
02/08/2018,108.0706 
01/08/2018,108.2623 
31/07/2018,108.5099 
30/07/2018,108.3575 
27/07/2018,108.5026 
26/07/2018,108.4876 
25/07/2018,108.5787 
24/07/2018,108.5623 
23/07/2018,108.5142 
20/07/2018,108.8177 
19/07/2018,109.0436 
18/07/2018,108.9314 
17/07/2018,108.9679 
16/07/2018,108.9207 
13/07/2018,109.0138 
12/07/2018,108.9028 
11/07/2018,108.8838 
10/07/2018,108.8256 
09/07/2018,108.8617 
06/07/2018,108.8990 
05/07/2018,108.8347 
04/07/2018,108.6201 
03/07/2018,108.8390 
02/07/2018,108.7254 
29/06/2018,108.7001 
28/06/2018,108.6587 
27/06/2018,108.6857 
26/06/2018,108.4866 
25/06/2018,108.5321 
22/06/2018,108.5145 
21/06/2018,108.5325 
20/06/2018,108.5257 
19/06/2018,108.6651 
18/06/2018,108.5376 
15/06/2018,108.5179 
14/06/2018,108.3946 
13/06/2018,108.1674 
12/06/2018,107.9665 
11/06/2018,108.1354 
08/06/2018,108.1262 
07/06/2018,108.0048 
06/06/2018,107.9691 
05/06/2018,108.3685 
04/06/2018,108.4870 
01/06/2018,108.5805 
31/05/2018,108.7153 
30/05/2018,108.6363 
29/05/2018,108.8237 
28/05/2018,108.4944 
25/05/2018,108.5287 
24/05/2018,108.3465 
23/05/2018,108.1661 
22/05/2018,107.9518 
21/05/2018,107.9757 
18/05/2018,107.9866 
17/05/2018,107.8177 
16/05/2018,107.9452 
15/05/2018,108.0714 
14/05/2018,108.3616 
11/05/2018,108.5048 
10/05/2018,108.4760 
09/05/2018,108.3570 
08/05/2018,108.4696 
07/05/2018,108.6568 
04/05/2018,108.6178 
03/05/2018,108.6573 
02/05/2018,108.5210 
01/05/2018,108.4406 
30/04/2018,108.6546 
27/04/2018,108.6100 
26/04/2018,108.4528 
25/04/2018,108.2914 
24/04/2018,108.4121 
23/04/2018,108.4733 
20/04/2018,108.5966 
19/04/2018,108.5763 
18/04/2018,109.0263 
17/04/2018,109.1713 
16/04/2018,108.9157 
13/04/2018,109.1391 
12/04/2018,109.1043 
11/04/2018,109.1028 
10/04/2018,109.1725 
09/04/2018,109.2616 
06/04/2018,109.2540 
05/04/2018,109.0713 
04/04/2018,109.2468 
03/04/2018,109.2527 
02/04/2018,109.1997 
29/03/2018,109.1620 
28/03/2018,109.2243 
27/03/2018,109.1817 
26/03/2018,108.7778 
23/03/2018,108.8639 
22/03/2018,109.0452 
21/03/2018,108.7982 
20/03/2018,108.8169 
19/03/2018,108.9154 
16/03/2018,108.9329 
15/03/2018,108.9715 
14/03/2018,108.9592 
13/03/2018,108.8294 
12/03/2018,108.7508 
09/03/2018,108.6518 
08/03/2018,108.7831 
07/03/2018,108.6776 
06/03/2018,108.4689 
05/03/2018,108.7058 
02/03/2018,108.7335 
01/03/2018,108.8980 
28/02/2018,108.7294 
27/02/2018,108.6026 
26/02/2018,108.5542 
23/02/2018,108.4667 
22/02/2018,108.2718 
21/02/2018,108.3931 
20/02/2018,108.4997 
19/02/2018,108.3402 
16/02/2018,108.6174 
15/02/2018,108.4024 
14/02/2018,108.2239 
13/02/2018,108.6100 
12/02/2018,108.6288 
09/02/2018,108.4643 
08/02/2018,108.7127 
07/02/2018,108.6596 
06/02/2018,108.8098 
05/02/2018,109.0446 
02/02/2018,108.8214 
01/02/2018,108.8628 
31/01/2018,109.2351 
30/01/2018,109.1854 
29/01/2018,109.2819 
26/01/2018,109.4510 
25/01/2018,109.5679 
24/01/2018,109.5167 
23/01/2018,109.6444 
22/01/2018,109.5225 
19/01/2018,109.5061 
18/01/2018,109.4082 
17/01/2018,109.7547 
16/01/2018,109.6526 
15/01/2018,109.5566 
12/01/2018,109.7124 
11/01/2018,109.7010 
10/01/2018,109.7465 
09/01/2018,109.7990 
08/01/2018,110.0730 
05/01/2018,109.8534 
04/01/2018,110.0603 
03/01/2018,109.9075 
02/01/2018,109.9579 
29/12/2017,110.0133 
28/12/2017,110.1692 
27/12/2017,110.3372 
26/12/2017,109.9640 
22/12/2017,109.9225 
21/12/2017,110.0733 
20/12/2017,109.8175 
19/12/2017,110.0911 
18/12/2017,110.6097 
15/12/2017,110.6911 
14/12/2017,110.6344 
13/12/2017,110.6034 
12/12/2017,110.4912 
11/12/2017,110.5584 
08/12/2017,110.5442 
07/12/2017,110.3968 
06/12/2017,110.4856 
05/12/2017,110.5214 
04/12/2017,110.2768 
01/12/2017,110.5186 
30/11/2017,110.2177 
29/11/2017,110.2564 
28/11/2017,110.2929 
27/11/2017,110.4466 
24/11/2017,110.3954 
23/11/2017,110.3140 
22/11/2017,110.4640 
21/11/2017,110.3570 
20/11/2017,110.2610 
17/11/2017,110.0731 
16/11/2017,110.1404 
15/11/2017,110.2604 
14/11/2017,109.9375 
13/11/2017,110.0335 
10/11/2017,109.8553 
09/11/2017,110.3361 
08/11/2017,110.5605 
07/11/2017,110.6170 
06/11/2017,110.5351 
03/11/2017,110.4118 
02/11/2017,110.3652 
01/11/2017,110.2711 
31/10/2017,110.2261 
30/10/2017,110.2151 
27/10/2017,109.7840 
26/10/2017,109.7723 
25/10/2017,109.7531 
24/10/2017,109.8437 
23/10/2017,110.0183 
20/10/2017,109.7308 
19/10/2017,110.1710 
18/10/2017,110.1268 
17/10/2017,110.2791 
16/10/2017,110.2425 
13/10/2017,110.2070 
12/10/2017,110.0117 
11/10/2017,109.9261 
10/10/2017,109.9171 
09/10/2017,109.7324 
06/10/2017,109.8082 
05/10/2017,109.8861 
04/10/2017,109.9355 
03/10/2017,109.9284 
02/10/2017,109.9145 
29/09/2017,109.7134 
28/09/2017,109.6698 
27/09/2017,109.7249 
26/09/2017,110.0234 
25/09/2017,110.0874 
22/09/2017,109.9031 
21/09/2017,109.8323 
20/09/2017,109.9079 
19/09/2017,109.9295 
18/09/2017,109.9439 
15/09/2017,110.0011 
14/09/2017,110.0748 
13/09/2017,110.1243 
12/09/2017,110.1974 
11/09/2017,110.4591 
08/09/2017,110.6831 
07/09/2017,110.7533 
06/09/2017,110.5507 
05/09/2017,110.6667 
04/09/2017,110.4131 
01/09/2017,110.2952 
31/08/2017,110.4387 
30/08/2017,110.3821 
29/08/2017,110.4560 
28/08/2017,110.3231 
25/08/2017,110.2710 
24/08/2017,110.2273 
23/08/2017,110.2825 
22/08/2017,110.1401 
21/08/2017,110.2369 
18/08/2017,110.1819 
17/08/2017,110.1469 
16/08/2017,110.0278 
15/08/2017,109.9776 
14/08/2017,110.1158 
11/08/2017,110.2004 
10/08/2017,110.1485 
09/08/2017,110.0329 
08/08/2017,109.8978 
07/08/2017,109.9824 
04/08/2017,109.9438 
03/08/2017,110.0757 
02/08/2017,109.8846 
01/08/2017,109.8983 
31/07/2017,109.6532 
28/07/2017,109.6212 
27/07/2017,109.6087 
26/07/2017,109.6051 
25/07/2017,109.4975 
24/07/2017,109.8319 
21/07/2017,109.8558 
20/07/2017,109.6937 
19/07/2017,109.6690 
18/07/2017,109.6252 
17/07/2017,109.4219 
14/07/2017,109.3043 
13/07/2017,109.2487 
12/07/2017,109.3496 
11/07/2017,109.1276 
10/07/2017,109.1155 
07/07/2017,108.9922 
06/07/2017,109.0817 
05/07/2017,109.3772 
04/07/2017,109.3248 
03/07/2017,109.3355 
30/06/2017,109.4509 
29/06/2017,109.6278 
28/06/2017,109.9606 
27/06/2017,110.0666 
26/06/2017,110.4085 
23/06/2017,110.3623 
22/06/2017,110.3663 
21/06/2017,110.3106 
20/06/2017,110.2759 
19/06/2017,110.1140 
16/06/2017,110.1611 
15/06/2017,110.1272 
14/06/2017,110.3133 
13/06/2017,109.9847 
12/06/2017,110.0162 
09/06/2017,109.9728 
08/06/2017,109.9740 
07/06/2017,110.0604 
06/06/2017,110.1428 
05/06/2017,109.9488 
02/06/2017,110.0136 
01/06/2017,109.8333 
31/05/2017,109.8976 
30/05/2017,109.8887 
29/05/2017,109.8328 
26/05/2017,109.7840 
25/05/2017,109.6745 
24/05/2017,109.6064 
23/05/2017,109.5358 
22/05/2017,109.6102 
19/05/2017,109.6753 
18/05/2017,109.6721 
17/05/2017,109.6613 
16/05/2017,109.2908 
15/05/2017,109.2065 
12/05/2017,109.2778 
11/05/2017,109.0101 
10/05/2017,109.0358 
09/05/2017,109.0123 
08/05/2017,109.1037 
05/05/2017,109.2115 
04/05/2017,109.2290 
03/05/2017,109.3764 
02/05/2017,109.3965 
01/05/2017,109.3321 
28/04/2017,109.4077 
27/04/2017,109.3712 
26/04/2017,109.2546 
25/04/2017,109.1794 
24/04/2017,109.4378 
21/04/2017,109.5477 
20/04/2017,109.5502 
19/04/2017,109.6577 
18/04/2017,109.7809 
17/04/2017,109.5548 
13/04/2017,109.5539 
12/04/2017,109.4343 
11/04/2017,109.3216 
10/04/2017,109.1095 
07/04/2017,109.0697 
06/04/2017,109.1056 
05/04/2017,109.1104 
04/04/2017,109.0723 
03/04/2017,109.0654 
31/03/2017,108.7991 
30/03/2017,108.7711 
29/03/2017,108.8761 
28/03/2017,108.6929 
27/03/2017,108.7634 
24/03/2017,108.6461 
23/03/2017,108.5800 
22/03/2017,108.6331 
21/03/2017,108.4353 
20/03/2017,108.3063 
17/03/2017,108.1992 
16/03/2017,108.1082 
15/03/2017,108.1943 
14/03/2017,107.8227 
13/03/2017,107.7464 
10/03/2017,107.8120 
09/03/2017,107.8796 
08/03/2017,108.1206 
07/03/2017,108.4119 
06/03/2017,108.4808 
03/03/2017,108.4845 
02/03/2017,108.4827 
01/03/2017,108.6160 
28/02/2017,109.0279 
27/02/2017,108.9830 
24/02/2017,109.0564 
23/02/2017,108.7192 
22/02/2017,108.5086 
21/02/2017,108.3804 
20/02/2017,108.4425 
17/02/2017,108.4539 
16/02/2017,108.3250 
15/02/2017,108.0931 
14/02/2017,108.1947 
13/02/2017,108.3655 
10/02/2017,108.4186 
09/02/2017,108.5261 
08/02/2017,108.6358 
07/02/2017,108.3318 
06/02/2017,108.2199 
03/02/2017,108.1050 
02/02/2017,108.0986 
01/02/2017,107.9877 
31/01/2017,108.1675 
30/01/2017,108.0288 
27/01/2017,108.0480 
26/01/2017,107.9477 
25/01/2017,108.0452 
24/01/2017,108.3982 
23/01/2017,108.5343 
20/01/2017,108.2310 
19/01/2017,108.3223 
18/01/2017,108.5794 
17/01/2017,108.8923 
16/01/2017,108.7214 
13/01/2017,108.6202 
12/01/2017,108.8166 
11/01/2017,108.7556 
10/01/2017,108.7020 
09/01/2017,108.7040 
06/01/2017,108.5305 
05/01/2017,108.7654 
04/01/2017,108.5481 
03/01/2017,108.5446 
30/12/2016,108.6824 
29/12/2016,108.6601 
28/12/2016,108.5014 
27/12/2016,108.3489 
23/12/2016,108.3558 
22/12/2016,108.2700 
21/12/2016,108.2937 
20/12/2016,108.1598 
19/12/2016,108.2117 
16/12/2016,107.8989 
15/12/2016,107.7707 
14/12/2016,108.0453 
13/12/2016,108.1423 
12/12/2016,107.9826 
09/12/2016,108.1331 
08/12/2016,108.3690 
07/12/2016,108.6119 
06/12/2016,108.3953 
05/12/2016,108.4232 
02/12/2016,108.4811 
01/12/2016,108.2513 
30/11/2016,108.5463 
29/11/2016,108.8049 
28/11/2016,108.7233 
25/11/2016,108.4619 
24/11/2016,108.3825 
23/11/2016,108.3889 
22/11/2016,108.6650 
21/11/2016,108.5775 
18/11/2016,108.5300 
17/11/2016,108.7962 
16/11/2016,108.9459 
15/11/2016,108.9806 
14/11/2016,108.7621 
11/11/2016,109.2154 
10/11/2016,109.4560 
09/11/2016,110.0694 
08/11/2016,110.6074 
07/11/2016,110.7487 
04/11/2016,110.9070 
03/11/2016,110.7465 
02/11/2016,110.8647 
01/11/2016,110.6579 
31/10/2016,110.7493 
28/10/2016,110.6346 
27/10/2016,110.6964 
26/10/2016,111.0487 
25/10/2016,111.3174 
24/10/2016,111.2929 
21/10/2016,111.3813 
20/10/2016,111.3555 
19/10/2016,111.3102 
18/10/2016,111.2518 
17/10/2016,111.1446 
14/10/2016,111.0708 
13/10/2016,111.2793 
12/10/2016,111.1214 
11/10/2016,111.1788 
10/10/2016,111.1763 
07/10/2016,111.3628 
06/10/2016,111.4143 
05/10/2016,111.5366 
04/10/2016,111.8349 
03/10/2016,112.0422 
30/09/2016,112.1210 
29/09/2016,112.2426 
28/09/2016,112.2920 
27/09/2016,112.2697 
26/09/2016,112.1363 
23/09/2016,111.9784 
22/09/2016,111.9345 
21/09/2016,111.5604 
20/09/2016,111.5497 
19/09/2016,111.3470 
16/09/2016,111.3871 
15/09/2016,111.3082 
14/09/2016,111.3386 
13/09/2016,111.3184 
12/09/2016,111.4682 
09/09/2016,111.5478 
08/09/2016,112.0566 
07/09/2016,112.4522 
06/09/2016,112.3065 
05/09/2016,112.0033 
02/09/2016,111.9678 
01/09/2016,112.1799 
31/08/2016,112.2731 
30/08/2016,112.3572 
29/08/2016,112.3687 
26/08/2016,112.2481 
25/08/2016,112.3363 
24/08/2016,112.4159 
23/08/2016,112.4605 
22/08/2016,112.3841 
19/08/2016,112.2187 
18/08/2016,112.4000 
17/08/2016,112.2606 
16/08/2016,112.1935 
15/08/2016,112.3411 
12/08/2016,112.5066 
11/08/2016,112.3852 
10/08/2016,112.5321 
09/08/2016,112.2935 
08/08/2016,112.0440 
05/08/2016,112.0352 
04/08/2016,112.2254 
03/08/2016,111.9353 
02/08/2016,111.9186 
01/08/2016,112.2670 
29/07/2016,112.4268 
28/07/2016,112.3147 
27/07/2016,112.3021 
26/07/2016,111.9878 
25/07/2016,111.9959 
22/07/2016,111.9667 
21/07/2016,111.9294 
20/07/2016,111.9336 
19/07/2016,112.0352 
18/07/2016,111.9388 
15/07/2016,111.8871 
14/07/2016,112.1983 
13/07/2016,112.3158 
12/07/2016,112.0843 
11/07/2016,112.3954 
08/07/2016,112.5130 
07/07/2016,112.3627 
06/07/2016,112.4397 
05/07/2016,112.3591 
04/07/2016,112.1803 
01/07/2016,112.0466 
30/06/2016,111.7944 
29/06/2016,111.6809 
28/06/2016,111.7092 
27/06/2016,111.5454 
24/06/2016,111.0290 
23/06/2016,110.4050 
22/06/2016,110.5253 
21/06/2016,110.4933 
20/06/2016,110.5611 
17/06/2016,110.7634 
16/06/2016,111.0051 
15/06/2016,110.9296 
14/06/2016,110.7903 
13/06/2016,110.7644 
10/06/2016,110.7427 
09/06/2016,110.6104 
08/06/2016,110.4523 
07/06/2016,110.3804 
06/06/2016,110.2472 
03/06/2016,110.3140 
02/06/2016,109.9253 
01/06/2016,109.8042 
31/05/2016,109.7404 
30/05/2016,109.5564 
27/05/2016,109.6700 
26/05/2016,109.7197 
25/05/2016,109.5503 
24/05/2016,109.4876 
23/05/2016,109.5158 
20/05/2016,109.5208 
19/05/2016,109.4890 
18/05/2016,109.4826 
17/05/2016,109.8413 
16/05/2016,109.8366 
13/05/2016,109.9949 
12/05/2016,109.8438 
11/05/2016,109.9743 
10/05/2016,109.9397 
09/05/2016,109.9428 
06/05/2016,109.8691 
05/05/2016,109.8601 
04/05/2016,109.7417 
03/05/2016,109.6741 
02/05/2016,109.3918 
29/04/2016,109.3949 
28/04/2016,109.4051 
27/04/2016,109.1998 
26/04/2016,109.0727 
25/04/2016,109.1287 
22/04/2016,109.2956 
21/04/2016,109.3718 
20/04/2016,109.5852 
19/04/2016,109.5811 
18/04/2016,109.6523 
15/04/2016,109.7138 
14/04/2016,109.5224 
13/04/2016,109.6008 
12/04/2016,109.5174 
11/04/2016,109.6809 
08/04/2016,109.7190 
07/04/2016,109.7637 
06/04/2016,109.6012 
05/04/2016,109.7368 
04/04/2016,109.5740 
01/04/2016,109.4586 
31/03/2016,109.3544 
30/03/2016,109.2602 
29/03/2016,109.3092 
28/03/2016,109.0091 
24/03/2016,108.9539 
23/03/2016,109.0289 
22/03/2016,108.9042 
21/03/2016,108.8969 
18/03/2016,108.9700 
17/03/2016,108.7634 
16/03/2016,108.5307 
15/03/2016,108.3049 
14/03/2016,108.3230 
11/03/2016,108.1433 
10/03/2016,108.1292 
09/03/2016,108.3102 
08/03/2016,108.6736 
07/03/2016,108.2578 
04/03/2016,108.2322 
03/03/2016,108.3343 
02/03/2016,108.2800 
01/03/2016,108.3427 
29/02/2016,108.5309 
26/02/2016,108.3305 
25/02/2016,108.4666 
24/02/2016,108.3346 
23/02/2016,108.2058 
22/02/2016,108.1540 
19/02/2016,108.0565 
18/02/2016,108.0247 
17/02/2016,107.7202 
16/02/2016,107.7732 
15/02/2016,107.7449 
12/02/2016,107.7965 
11/02/2016,108.2463 
10/02/2016,108.1167 
09/02/2016,108.0587 
08/02/2016,108.0654 
05/02/2016,107.7789 
04/02/2016,107.7717 
03/02/2016,107.7972 
02/02/2016,107.7439 
01/02/2016,107.5178 
29/01/2016,107.6027 
28/01/2016,107.1588 
27/01/2016,107.0932 
26/01/2016,107.0543 
25/01/2016,106.9670 
22/01/2016,106.8495 
21/01/2016,106.9470 
20/01/2016,106.9755 
19/01/2016,106.8520 
18/01/2016,106.9261 
15/01/2016,106.9570 
14/01/2016,106.7473 
13/01/2016,106.9260 
12/01/2016,106.7505 
11/01/2016,106.6114 
08/01/2016,106.7684 
07/01/2016,106.6280 
06/01/2016,106.6707 
05/01/2016,106.3982 
04/01/2016,106.3646 
31/12/2015,106.1294 
30/12/2015,106.0398 
29/12/2015,106.0526 
28/12/2015,106.2241 
24/12/2015,106.1670 
23/12/2015,106.1076 
22/12/2015,106.2665 
21/12/2015,106.4740 
18/12/2015,106.4728 
17/12/2015,106.2548 
16/12/2015,105.9937 
15/12/2015,106.0688 
14/12/2015,106.3341 
11/12/2015,106.6351 
10/12/2015,106.4100 
09/12/2015,106.4310 
08/12/2015,106.4773 
07/12/2015,106.4321 
04/12/2015,106.1229 
03/12/2015,106.0969 
02/12/2015,106.7999 
01/12/2015,106.8331 
30/11/2015,106.6046 
27/11/2015,106.6172 
26/11/2015,106.5870 
25/11/2015,106.5164 
24/11/2015,106.4357 
23/11/2015,106.3704 
20/11/2015,106.4151 
19/11/2015,106.4292 
18/11/2015,106.2758 
17/11/2015,106.2049 
16/11/2015,106.1988 
13/11/2015,106.1162 
12/11/2015,105.9418 
11/11/2015,105.8529 
10/11/2015,105.8601 
09/11/2015,105.6752 
06/11/2015,105.7936 
05/11/2015,106.1823 
04/11/2015,106.2276 
03/11/2015,106.3192 
02/11/2015,106.4250 
30/10/2015,106.5851 
29/10/2015,106.5208 
28/10/2015,106.9141 
27/10/2015,107.0371 
26/10/2015,106.8430 
23/10/2015,106.7124 
22/10/2015,106.8484 
21/10/2015,106.6304 
20/10/2015,106.4173 
19/10/2015,106.6077 
16/10/2015,106.6407 
15/10/2015,106.6290 
14/10/2015,106.7377 
13/10/2015,106.4735 
12/10/2015,106.4714 
09/10/2015,106.2805 
08/10/2015,106.3030 
07/10/2015,106.3673 
06/10/2015,106.4271 
05/10/2015,106.4210 
02/10/2015,106.6212 
01/10/2015,106.3850 
30/09/2015,106.2529 
29/09/2015,106.2759 
28/09/2015,106.1942 
25/09/2015,106.0013 
24/09/2015,106.2450 
23/09/2015,106.1651 
22/09/2015,106.2202 
21/09/2015,105.9107 
18/09/2015,106.1438 
17/09/2015,105.6993 
16/09/2015,105.4562 
15/09/2015,105.5496 
14/09/2015,105.9377 
11/09/2015,105.9359 
10/09/2015,105.8294 
09/09/2015,105.8834 
08/09/2015,105.8847 
07/09/2015,105.9819 
04/09/2015,106.0326 
03/09/2015,105.7855 
02/09/2015,105.6104 
01/09/2015,105.6816 
31/08/2015,105.6071 
28/08/2015,105.7341 
27/08/2015,105.7022 
26/08/2015,105.7378 
25/08/2015,105.9178 
24/08/2015,106.3875 
21/08/2015,106.3973 
20/08/2015,106.3238 
19/08/2015,106.1527 
18/08/2015,105.9956 
17/08/2015,106.1135 
14/08/2015,105.9904 
13/08/2015,106.0625 
12/08/2015,106.2631 
11/08/2015,106.2463 
10/08/2015,105.8666 
07/08/2015,106.0288 
06/08/2015,105.8172 
05/08/2015,105.6963 
04/08/2015,106.0257 
03/08/2015,106.1760 
31/07/2015,106.0547 
30/07/2015,105.8028 
29/07/2015,105.6670 
28/07/2015,105.7628 
27/07/2015,105.8650 
24/07/2015,105.7847 
23/07/2015,105.6217 
22/07/2015,105.4798 
21/07/2015,105.3489 
20/07/2015,105.3237 
17/07/2015,105.3229 
16/07/2015,105.1901 
15/07/2015,105.1114 
14/07/2015,104.8766 
13/07/2015,104.7649 
10/07/2015,104.8138 
09/07/2015,105.2274 
08/07/2015,105.5353 
07/07/2015,105.4119 
06/07/2015,105.0446 
03/07/2015,104.9610 
02/07/2015,104.6835 
01/07/2015,104.7052 
30/06/2015,104.9465 
29/06/2015,104.9377 
26/06/2015,104.5425 
25/06/2015,104.7592 
24/06/2015,104.8615 
23/06/2015,104.7715 
22/06/2015,104.8776 
19/06/2015,105.1869 
18/06/2015,104.9718 
17/06/2015,104.9153 
16/06/2015,104.9287 
15/06/2015,104.8126 
12/06/2015,104.8588 
11/06/2015,104.8009 
10/06/2015,104.4307 
09/06/2015,104.6722 
08/06/2015,104.8804 
05/06/2015,104.9083 
04/06/2015,105.2184 
03/06/2015,105.0894 
02/06/2015,105.6246 
01/06/2015,106.0957 
29/05/2015,106.3001 
28/05/2015,106.1621 
27/05/2015,106.1443 
26/05/2015,106.0790 
25/05/2015,105.8935 
22/05/2015,105.8647 
21/05/2015,105.8734 
20/05/2015,105.7581 
19/05/2015,105.7699 
18/05/2015,105.8705 
15/05/2015,106.0786 
14/05/2015,105.6335 
13/05/2015,105.5543 
12/05/2015,105.6181 
11/05/2015,105.8862 
08/05/2015,106.2555 
07/05/2015,105.9436 
06/05/2015,105.8338 
05/05/2015,106.1497 
04/05/2015,106.6254 
01/05/2015,106.7021 
30/04/2015,106.9031 
29/04/2015,107.0248 
28/04/2015,107.4408 
27/04/2015,107.6137 
24/04/2015,107.6496 
23/04/2015,107.5162 
22/04/2015,107.4677 
21/04/2015,107.7365 
20/04/2015,107.8323 
17/04/2015,107.8980 
16/04/2015,107.8478 
15/04/2015,107.9192 
14/04/2015,107.8655 
13/04/2015,107.6890 
10/04/2015,107.6312 
09/04/2015,107.5930 
08/04/2015,107.7386 
07/04/2015,107.7173 
06/04/2015,107.6785 
02/04/2015,107.6663 
01/04/2015,107.7724 
31/03/2015,107.5654 
30/03/2015,107.4335 
27/03/2015,107.3993 
26/03/2015,107.3212 
25/03/2015,107.5482 
24/03/2015,107.6302 
23/03/2015,107.5318 
20/03/2015,107.5705 
19/03/2015,107.4666 
18/03/2015,107.4053 
17/03/2015,106.9369 
16/03/2015,106.9515 
13/03/2015,106.8348 
12/03/2015,106.9155 
11/03/2015,106.8699 
10/03/2015,106.6429 
09/03/2015,106.3806 
06/03/2015,106.2052 
05/03/2015,106.5807 
04/03/2015,106.4926 
03/03/2015,106.5444 
02/03/2015,106.7391 
27/02/2015,106.9596 
26/02/2015,106.9122 
25/02/2015,107.0214 
24/02/2015,106.8583 
23/02/2015,106.5994 
20/02/2015,106.4089 
19/02/2015,106.3645 
18/02/2015,106.3513 
17/02/2015,106.3040 
16/02/2015,106.4725 
13/02/2015,106.5580 
12/02/2015,106.6699 
11/02/2015,106.5725 
10/02/2015,106.5725 
09/02/2015,106.7676 
06/02/2015,106.8164 
05/02/2015,107.1636 
04/02/2015,107.2196 
03/02/2015,107.2883 
02/02/2015,107.6200 
30/01/2015,107.6122 
29/01/2015,107.2388 
28/01/2015,107.2967 
27/01/2015,107.1080 
26/01/2015,107.0972 
23/01/2015,107.1488 
22/01/2015,106.7207 
21/01/2015,106.7725 
20/01/2015,106.9539 
19/01/2015,107.0205 
16/01/2015,106.7939 
15/01/2015,106.9250 
14/01/2015,106.6876 
13/01/2015,106.4379 
12/01/2015,106.3761 
09/01/2015,106.2058 
08/01/2015,106.0603 
07/01/2015,106.1736 
06/01/2015,106.2329 
05/01/2015,105.8767 
02/01/2015,105.7038 
31/12/2014,105.4673 
30/12/2014,105.3946 
29/12/2014,105.2850 
26/12/2014,105.0752 
24/12/2014,105.0295 
23/12/2014,105.0068 
22/12/2014,105.2167 
19/12/2014,105.1286 
18/12/2014,105.0063 
17/12/2014,105.1376 
16/12/2014,105.2457 
15/12/2014,105.1135 
12/12/2014,105.1796 
11/12/2014,104.9271 
10/12/2014,104.9515 
09/12/2014,104.8519 
08/12/2014,104.7207 
05/12/2014,104.5719 
04/12/2014,104.7063 
03/12/2014,104.6626 
02/12/2014,104.6554 
01/12/2014,104.8791 
28/11/2014,104.9501 
27/11/2014,104.8344 
26/11/2014,104.6732 
25/11/2014,104.5735 
24/11/2014,104.4024 
21/11/2014,104.3327 
20/11/2014,104.1767 
19/11/2014,104.0523 
18/11/2014,104.1448 